<?xml version="1.0" encoding="UTF-8"?>
<project-private xmlns="http://www.netbeans.org/ns/project-private/1">
    <editor-bookmarks xmlns="http://www.netbeans.org/ns/editor-bookmarks/2" lastBookmarkId="0"/>
    <open-files xmlns="http://www.netbeans.org/ns/projectui-open-files/2">
        <group>
            <file>file:/C:/Users/Acer/OneDrive/Desktop/1730016_partho_protim_saha/AMPM_GYM_AND_FITNESS/src/Classes/AppendableObjectOutputStream.java</file>
            <file>file:/C:/Users/Acer/OneDrive/Desktop/1730016_partho_protim_saha/AMPM_GYM_AND_FITNESS/src/Classes/Member.java</file>
            <file>file:/C:/Users/Acer/OneDrive/Desktop/1730016_partho_protim_saha/AMPM_GYM_AND_FITNESS/src/Classes/Admin.java</file>
            <file>file:/C:/Users/Acer/OneDrive/Desktop/1730016_partho_protim_saha/AMPM_GYM_AND_FITNESS/src/ampm_gym_and_fitness/AMPM_GYM_AND_FITNESS.java</file>
            <file>file:/C:/Users/Acer/OneDrive/Desktop/1730016_partho_protim_saha/AMPM_GYM_AND_FITNESS/src/ampm_gym_and_fitness/Forget_PasswrodController.java</file>
            <file>file:/C:/Users/Acer/OneDrive/Desktop/1730016_partho_protim_saha/AMPM_GYM_AND_FITNESS/src/Classes/User.java</file>
            <file>file:/C:/Users/Acer/OneDrive/Desktop/1730016_partho_protim_saha/AMPM_GYM_AND_FITNESS/src/UserGuis/Manager/ManagerMainPanelController.java</file>
            <file>file:/C:/Users/Acer/OneDrive/Desktop/1730016_partho_protim_saha/AMPM_GYM_AND_FITNESS/src/ampm_gym_and_fitness/FXMLDocumentController.java</file>
            <file>file:/C:/Users/Acer/OneDrive/Desktop/1730016_partho_protim_saha/AMPM_GYM_AND_FITNESS/src/UserGuis/Admin/CreateNewAccountController.java</file>
            <file>file:/C:/Users/Acer/OneDrive/Desktop/1730016_partho_protim_saha/AMPM_GYM_AND_FITNESS/src/UserGuis/Manager/LeaveReportController.java</file>
        </group>
    </open-files>
</project-private>
